<?xml version = "1.0" encoding = "utf-8" ?>
<component name = "ContenedorAlfaNumerico" extends = "Group" >
<script type="text/brightscript" uri="pkg:/components/ContenedorAlfaNumerico/ContenedorAlfaNumerico.brs" />
<interface>
        <field id="widthComponent" type="integer" alias="myRectangle.width" OnChange="sizeComponent"/>
        <!-- Este es el que dice cual escogio -->
        <field id="elementFocused" type="integer" alwaysNotify="true" OnChange="OnFocusedChild"/>
        <field id="contenido"  type ="string" alwaysNotify="true"/>
        <field id="quieroFocus" type ="boolean" OnChange="OnChange"/>
</interface>
<children>
<Rectangle id="myRectangle" >
        <Abecedario id="myAbecedario"  translation="[0,150]"/>
        <Numerico id="myNumerico"  translation="[0,150]"/>
</Rectangle>
</children>
</component>