<?xml version = "1.0" encoding = "utf-8" ?>
<component name = "ContenedorAlfaNumerico" extends = "Group" >
<script type="text/brightscript" uri="pkg:/components/ContenedorAlfaNumerico/ContenedorAlfaNumerico.brs" />
<interface>
        <field id="widthComponent" type="integer" alias="myRectangle.width" OnChange="sizeComponent"/>
        <field id="elementFocused" type="integer" OnChange="OnFocusedChild"/>
        <field id="contenido" type ="string"/>
</interface>
<children>
<Rectangle id="myRectangle" >
        <Abecedario id="myAbecedario"  translation="[0,150]"/>
        <Numerico id="myNumerico"  translation="[0,150]"/>
</Rectangle>
</children>
</component>