<?xml version = "1.0" encoding = "utf-8" ?>

<component name = "iniciarSesion" extends = "Group" >
<script type="text/brightscript" uri="pkg:/components/iniciarSesion/iniciarSesion.brs" />
<interface>
		<field id="widthComponent" type="integer" alias="myRectangle.width" OnChange="sizeComponent"/>
        <field id="heightComponent" type="integer"/>
        <field id="currentFocus" type="integer" />
        <field id="contentInput"  type="string" alwaysnotify="true" OnChange="cambiaContenidoInput"/>
</interface>
<children>
<Rectangle id="myRectangle" >
    <Label id="myIniciar" text="Iniciar sesion" horizAlign = "left"/>
    <Label id="myIngresa" text="Ingresa tu correo electronico" horizAlign = "left" translation="[0,90]"/>
    <LayoutGroup id="LayoutGroup" layoutDirection="vert"  addItemSpacingAfterChild="true" itemSpacings="[20]" translation="[0,150]">
				<CButton id="myInput" text="  Correo Electronico" textSize="23" frameColor="#ffffff" focusColorOriginal="#ffffff" bgColor="#333333"/>
				<CButton id="mySiguiente" text="SIGUIENTE" textSize="20" leftCentred="false" frameColor="#a2282a" focusColorOriginal="#a2282a" bgColor="#a2282a"/>
				<CButton id="myCancelar" text="CANCELAR" textSize="20" leftCentred="false" frameColor="#7e7e7e" focusColorOriginal="#7e7e7e" bgColor="#7e7e7e"/>
	</LayoutGroup>
</Rectangle>
</children>
</component>