<?xml version = "1.0" encoding = "utf-8" ?>
<component name = "ControllerKeyboard" extends = "Group" >
<script type="text/brightscript" uri="pkg:/components/ControllerKeyboard/ControllerKeyboard.brs" />
<interface>
		<field id="widthComponent" type="integer" OnChange="sizeComponent"/>
        <field id="heightComponent" type="integer" />
        <field id="currentFocus" type="integer"/>
</interface>
<children>
    <LayoutGroup id="LayoutGroup" layoutDirection="horiz" addItemSpacingAfterChild="true" itemSpacings="[10,120,10]">
        <CButton id="abecedario" text="abc" textSize="20" frameWidth="100" frameHeight="35" leftCentred="false" frameColor="#333333" focusColorOriginal="#333333" bgColor="#333333" />
        <CButton id="numerico" text="#123" textSize="20" frameWidth="100" frameHeight="35" leftCentred="false"  frameColor="#333333" focusColorOriginal="#333333" bgColor="#333333"/>
        <CButton id="borrar" text="flecha" textSize="20" frameWidth="100" frameHeight="35" leftCentred="false" frameColor="#000000" focusColorOriginal="#000000" bgColor="#000000"/>
        <CButton id="vaciar" text="(*)VACIAR" textSize="20" frameWidth="130" frameHeight="35" leftCentred="false" frameColor="#000000" focusColorOriginal="#000000" bgColor="#000000" />
    </LayoutGroup>
</children>
</component>