<?xml version = "1.0" encoding = "utf-8" ?>
<component name = "BotonNumerico" extends = "Group"  >
<interface > 
      <field id="itemHasFocus" type="boolean"  onChange="onFocusChange" />
      <field id = "itemContent" type = "node"  onChange = "showcontent"/>
      <field id= "width" type="float" onChange="onWidthChange"/>
  </interface>
<script type = "text/brightscript" uri="pkg:/components/BotonNumerico/BotonNumerico.brs/"></script>
  <children >
        <Rectangle 
        id="mainRectangle"  
        width="110"
        height="60">       
        <Rectangle 
        id="frame" 
        color="#333333"
        width="110"
        height="60"
        visible="true">
        <Rectangle 
        id="bg"
        width="104"
        height="54"
        color="#333333" 
        translation="[3,3]"
        >
        </Rectangle>
        </Rectangle> 
        <Poster 
        id="buttonIcon"
        width="60"
        height="40" />
        <Label id="buttonText" 
        color="#ffffffff"
        width="110"
        height="60"
        vertAlign = "center"
        horizAlign="center"
        />
        </Rectangle> 
  </children>
</component>

   
