<?xml version="1.0" encoding="utf-8" ?>
<component name="mainScene" extends="Scene"> 
<script type="text/brightscript" uri="pkg:/components/mainScene.brs" ></script>
<children>
<LayoutGroup id="LayoutGroup" layoutDirection="horiz" addItemSpacingAfterChild="true"  itemSpacings="[50]" >
<Rectangle id="myRectangle" color="#000000"  width="600" height="60">
    <teclados id="teclados"/>	
</Rectangle>
<Rectangle id="myRectangle2" color="#000000"  width="500" height="60">
    <iniciarSesion id="iniciarSesion"/>	
</Rectangle>
</LayoutGroup>
</children>
</component>
