<?xml version = "1.0" encoding = "utf-8" ?>

<component name = "teclados" extends = "Group" >
<script type="text/brightscript" uri="pkg:/components/teclados/teclados.brs" />
<interface>
		<field id="widthComponent" type="integer" alias="myRectangle.width" OnChange="sizeComponent"/>
        <field id="heightComponent" type="integer" />
        <field id="botonEscogido" type="integer"/>
</interface>
<children>
    <Rectangle id="myRectangle" >
        <Label id="myIniciar" text="TECLADO-Logoclarovideo" horizAlign = "left"/>
        <ControllerKeyboard id="myControllerKeyboard" translation="[0,90]"/>
    </Rectangle>
</children>
</component>