<?xml version = "1.0" encoding = "utf-8" ?>

<component name = "teclados" extends = "Group" >
<script type="text/brightscript" uri="pkg:/components/teclados/teclados.brs" />
<interface>
		<field id="widthComponent" type="integer" alias="myRectangle.width" OnChange="sizeComponent"/>
        <field id="heightComponent" type="integer" />
        <field id="botonEscogido" type="integer"/>
</interface>
<children>
    <Rectangle id="myRectangle" >
        <Poster id="myIniciar" width="300" height="80" translation="[-30,0]" uri="pkg:/images/claro-video.png"/>
        <ControllerKeyboard id="myControllerKeyboard" translation="[0,90]"/>
    </Rectangle>
</children>
</component>